name,address,address_2,phone_number
Global Headquarters,"90 Fifth Avenue, 3rd Floor","New York
            NY
            10011
          ",212.913.9058
Downtown Seattle Office,503 Westlake Avenue N,"Seattle
            WA
            98109
          ",206.672.6720
Compass India Development Center - Hyderabad,"Phoenix Aquila, Tower B, 11th Floor","Gachibowli, Hyderabad
            India
            500032
          ",+91 730 370 1088
Global Headquarters,"90 Fifth Avenue, 3rd Floor","New York
            NY
            10011
          ",212.913.9058
Astoria Office,2910 Broadway,"Astoria
            NY
            11106
          ",718.550.0036
Bed Stuy Office,1320 Fulton Street,"Brooklyn
            NY
            11216
          ",917.905.0454
Brooklyn Heights,124 Montague Street ,"Brooklyn
            NY
            11201
          ",917.310.4297
Cobble Hill Office,212 Court Street,"Brooklyn
            NY
            11201
          ",347.682.3727
Downtown Brooklyn Office,375 Schermerhorn Street,"Brooklyn
            NY
            11217
          ",917.905.0464
East Side Office,"10 East 53rd Street, 15th Floor","New York
            NY
            10022
          ",646.461.6633
Flatiron Office,"111 5th Avenue, 6th Floor","New York
            NY
            10003
          ",646.741.1185
Long Island City,45-06 Pearson Street ,"Long Island City
            NY
            11101
          ",347.246.5877
NoHo Office,"632 Broadway, Suite 601"," New York
            NY
            10012
          ",212.753.7702
Park Slope Office,514 2nd Street,"Brooklyn
            NY
            11215
          ",718.213.4478
TriBeCa Office,32 Avenue of the Americas,"New York
            NY
            10013
          ",646.613.2600
Upper East Side Office,924 Madison Avenue,"New York
            NY
            10021
          ",212.570.2440
Union Square Office,"110 5th Avenue, 3rd Floor","New York
            NY
            10011
          ",646.982.0353
Upper East Side Office,851 Madison Avenue FL 2,"New York
            NY
            10021
          ",646.627.7236
Upper East Side Office,"962 Madison Avenue, 2nd floor","New York
            NY
            10021
          ",646.580.1926
Upper West Side Office,"2150 Broadway, 2nd Floor","New York
            NY
            10023
          ",646.609.9890
Williamsburg Office,136 N 10th St,"Brooklyn
            NY
            11249
          ",718.360.8686
Harlem Office,"2143 Frederick Douglass Blvd,","New York,
            NY
            10026
          ",646.776.1378
Darien Office,1090 Boston Post Rd,"Darien
            CT
            06820
          ",203.423.3100
East Lyme Office,15 Chesterfield Road,"East Lyme
            CT
            06333
          ",860.739.1998
Essex Office,5 Essex Square,"Essex
            CT
            06426
          ",860.767.5390
Fairfield Office,1 Sasco Hill Road Suite 201,"Fairfield 
            CT
            06824
          ",                                                                                                                                           203.489.6499
Greenwich Office,"200 Greenwich Avenue, 3rd Floor","Greenwich
            CT
            06830
          ",203.343.0141
Guilford Office,89 Whitfield Street,"Guilford
            CT
            06437
          ",203.453.6511
Madison Office,724 Boston Post Road,"Madison
            CT
            06443
          ",203.245.1593
Mystic Office,22 Holmes Street,"Mystic
            CT
            06355
          ",860.572.9099
New Canaan Office,111 Cherry Street,"New Canaan
            CT
            06840
          ",203.442.6626
Norwich Office,76 Salem Turnpike,"Norwich
            CT
            06360
          ",860.887.1122
Stamford Office,69 Broad St First Floor,"Stamford
            CT
            06901
          ",203.309.6712
Westport Office,54 Wilton Road,"Westport
            CT
            06880
          ",203.293.9715
Ridgefield,470 Main Street Suite 2,"Ridgefield
            CT
            06877
          ",203.290.2477
Armonk Office,387 Main Street,"Armonk
            NY
            10504
          ",914.228.2656
Beacon,490 Main Street ,"Beacon
            NY
            12508
          ",845.831.9550
Bronxville Office,7 Pondfield Rd Suite 203,"Bronxville
            NY
            10708
          ",914.337.0070
Chappaqua Office,480 Bedford Road,"Chappaqua
            NY
            10514
          ",914.238.0676
Dobbs Ferry Office,2 Ashford Avenue,"Dobbs Ferry
            NY
            10522
          ",914.327.2777
Hastings on Hudson Office,36 Main Street,"Hastings on Hudson
            NY
            10706
          ",914.250.9001
Larchmont Office,140 Larchmont Avenue,"Larchmont
            NY
            10538
          ",914.341.1561
Millbrook Office,3295 Franklin Ave PO Box #0," Millbrook
            NY
            12545
          ",845.677.5311
Pelham Office,207 Wolfs Lane,"Pelham
            NY
            10803
          ",914.738.5150
Rye Office,"62 Purchase Street, 2nd Floor","Rye
            NY
            10580
          ",914.353.5570
Rye Brook Office,138A South Ridge Street,"Rye Brook
            NY
            10573
          ",914.223.7623
Scarsdale Office,1082 Wilmot Road,"Scarsdale
            NY
            10583
          ",914.725.7737
Yorktown Heights Office,1857 Commerce Street,"Yorktown Heights
            NY
            10598
          ",914.214.8922
Kingston Office,926 Route 28,"Kingston
            NY
            12401
          ",845.800.1345
Regional Headquarters,"2405 Main Street, P.O. Box 1170","Bridgehampton
            NY
            11932
          ",631.537.7700
East Hampton Office,53 Main Street,"East Hampton
            NY
            11937
          ",631.324.1700
Montauk Office,37 Carl Fisher Plaza,"Montauk
            NY
            11954
          ",631.668.2000
Southampton Office,88 Main Street,"Southampton
            NY
            11968
          ",631.259.9993
Sag Harbor Office ,84 Main Street,"Sag Harbor
            NY
            11963
          ",631.725.2626
Westhampton Beach Office,145 Main Street,"Westhampton Beach
            NY
            11978
          ",631.629.7675
Carle Place, 507 Westbury Ave,"Carle Place
            NY
            11514
          ", 516.333.1122
Five Towns Office,1208 Broadway,"Hewlett
            NY
            11557
          ",516.791.1313
Garden City Office,182 Seventh Street,"Garden City
            NY
            11530
          ",516.408.2231
Huntington Office,16A Wall Street,"Huntington
            NY
            11743
          ",631.629.7719
Locust Valley Office,41 The Plaza,"Locust Valley
            NY
            11560
          ",516.500.8271
Manhasset Office,1468 Northern Blvd,"Manhasset
            NY
            11030
          ",516.517.4751
Oceanside Office,2800 Long Beach Road,"Oceanside
            NY
            11572
          ",516.764.6060
Rockville Centre,298 Merrick Rd,"Rockville Centre
            NY
            11570
          ",516.703.3378
Roslyn Office,69 Roslyn Road,"Roslyn Heights
            NY
            11577
          ",917.868.8745
Sea Cliff,305 Sea Cliff Avenue #1,"Sea Cliff
            NY
            11579
          ",516.671.1717
Smithtown,180 East Main Street Suite 302 & 303,"Smithtown
            NY
            11787
          ",631.315.7965
Southold,54100 Main Road ,"Southold
            NY
            11971
          ",631.251.8644
Syosset Office,"485 Underhill Blvd, Suite 200","Syosset
            NY
            11791
          ",516.517.4866
Woodbury Office,8285 Jericho Turnpike #16,"Woodbury
            NY
            11797
          ",516.703.3360
Avalon Office,264 21st Street,"Avalon
            NJ
            08202
          ",609.967.9600
Avalon Office,2619 Dune Drive - Unit C,"Avalon
            NJ
            08202
          ",609-967-466
Fair Haven,623 River Road,"Fair Haven
            NJ
            07704
          ",732.936.5248
Hoboken Office,258 Newark Street- 4th Floor,"Hoboken
            NJ
            07030
          ",201.627.4947
Holmdel Office,31 W Main Street,"Holmdel
            NJ
            07733
          ",732.530.6300
Jersey City Office,30 Montgomery Street,"Jersey City
            NJ
            07302
          ",551.212.3870
Manasquan Office,21 South St ,"Manasquan
            NJ
            08736
          ",732.301.5050
Margate Office,8014 Ventnor Avenue,"Margate
            NJ
            08402
          ",609.246.7638
Marlton Office,"55 E Route 70, Suite 2","Marlton
            NJ
            08053
          ",856.267.5496
Montclair Office,113 Grove Street,"Montclair
            NJ
            07042
          ",973.310.7360
Moorestown Office,129 Chester Avenue,"Moorestown
            NJ
            08057
          ",856.214.2639
Morristown Office,1 High Street Court,"Morristown
            NJ
            07960
          ",973.315.8180
Northfield Office,"1600 New Road, #1A","Northfield
            NJ
            08225
          ",609.391.1009
Ocean City Office,201 34th Street,"Ocean City
            NJ
            08226
          ",609.322.7390
Princeton Office,"47 Hulfish St, Suite 310","Princeton
            NJ
            08542
          ",609.710.2021
Ridgewood Office,1 Franklin Avenue Suites 2 & 3 ,"Ridgewood
            NJ
            07450
          ",551.284.0175
Short Hills Office,"1200 Morris Turnpike, Suite 3005","Short Hills
            NJ
            07078
          ",973.310.6816
Stone Harbor Office,374 96th Street,"Stone Harbor
            NJ
            08247
          ",609.368.9100
Regional Headquarters,"126 Newbury Street, 2nd Floor","Boston
            MA
            02116
          ",617.206.3333
Cambridge Office,1100 Massachusetts Avenue,"Cambridge
            MA
            02138
          ",617.303.0067
Cape Cod Office,877 Main Street,"Osterville
            MA
            02655
          ",508.206.8726
Chestnut Hill Office,"1330 Boylston Street, 2nd Floor","Chestnut Hill
            MA
            02467
          ",617.752.6845
Concord Office,97 Lowell Road ,"Concord
            MA
            01742
          ",351.207.1153
Hingham Office,"18 Shipyard Dr., Suite 3C"," Hingham
            MA
            02043
          ",781.285.8028
Lexington Office,7 Muzzey Street,"Lexington
            MA
            02421
          ",781.386.0624
Wellesley Office,"161 Linden Street, Suite 102","Wellesley
            MA
            02482
          ",781.365.9954
Weston Office,450 Boston Post Road,"Weston
            MA
            02493
          ",781.739.2640
Winchester Office,41 Thompson St,"Winchester
            MA
            01890
          ",781.219.0313
Barnstable Office,"3221 Route 6A, PO Box 156","Barnstable
            MA
            02630
          ",508.362.2120 
Bourne Office,1 Trowbridge Road,"Bourne
            MA
            02532
          ",508.743.0660 
Brewster Office,"1990 Main Street, PO Box 2000","Brewster
            MA
            02631
          ",508.896.7000
Centerville Office,"1645 Route 28, Bayberry Square 1B","Centerville
            MA
            02632
          ",508.778.4005
Centerville East Office,"1550 Falmouth Road, Route 28","Centerville
            MA
            02632
          ",508.775.2121
Chatham Office,856 Main Street,"Chatham
            MA
            02633
          ",508.945.1856
Dartmouth Office,"300 Elm Street, Padanaram Village","South Dartmouth
            MA
            02748
          ",508.992.6479
Falmouth Office,56 Scranton Avenue,"Falmouth
            MA
            02540
          ",508.548.6611
Falmouth Main Street Office,229 Main Street,"Falmouth
            MA
            02540
          ",508.540.9000
North Falmouth Office,"10 County Road, PO Box 738","North Falmouth
            MA
            02556
          ",508.563.7173
Harwich Port Office,476 Route 28,"Harwich Port
            MA
            02646
          ",508.432.8800
Marblehead Office,46 Atlantic Ave,"Marblehead
            MA
            01945
          ",781.534.9229
Mashpee Office,"681 Falmouth Road, Suite B12","Mashpee
            MA
            02649
          ",508.477.2700
Onset Office,"211 Onset Avenue, PO Box 625","Onset
            MA
            02558
          ",508.295.2000
Orleans Office,32 Main Street,"Orleans
            MA
            02653
          ",508.255.3001
Osterville Office,4 Wianno Avenue,"Osterville
            MA
            02655
          ",508.420.1130
Plymouth Office,45 Court Street,"Plymouth
            MA
            02360
          ",508.747.0080
Provincetown Office,374 Commercial Street,"Provincetown
            MA
            02657
          ",508.487.5411
Sandwich Office,133 Route 6A,"Sandwich
            MA
            02563
          ",508.833.3333
South Yarmouth Office,909 Route 28,"South Yarmouth
            MA
            02664
          ",508.775.5200
The Ridge Club Office,70 Country Club Road,"Sandwich
            MA
            02563
          ",508.428.2770
Truro Office,"314 Route 6, Unit 1","Truro
            MA
            02666
          ",508.349.2782
Wellfleet Office,2548 Route 6,"Wellfleet
            MA
            02667
          ",508.349.9800
Yarmouth Port Office,927 Route 6A,"Yarmouth Port
            MA
            02675
          ",508.362.3000
Andover Office,"2 Elm Sq, Suite 204","Andover
            MA
            01810
          ",978.248.8081
Andover Office,10 Post Office Avenue,"Andover
            MA
            01810
          ",978.248.8081
Portsmouth Office,155 Brewery Lane,"Portsmouth
            NH
            03801
          ",603.319.4660
Block Island Office,61 Dodge St,"New Shoreham
            RI
            02807
          ",401.466.8777
Charlestown Office,4009 Old Post Road,"Charlestown
            RI
            02813
          ",401.364.3388
Jamestown Office,19 Narragansett Ave,"Jamestown
            RI
            02835
          ",401.423.3440
Little Compton Office,29 Meetinghouse Ln,"Little Compton
            RI
            02837
          ",401.635.8887
Narragansett Office,41 Ocean Rd,"Narragansett
            RI
            02882
          ",401.789.6666
Newport Office,3 Memorial Blvd,"Newport
            RI
            02840
          ",401.848.2101
North Kingstown Office,23 Brown Street,"North Kingstown
            RI
            02852
          ",401.294.4000
Providence Office,369 S Main St,"Providence
            RI
            02903
          ",401.274.1644
South Kingstown Office,235 Main Street,"Wakefield
            RI
            02879
          ",401.783.9611
Watch Hill Office,124 Bay Street,"Watch Hill
            RI
            02891
          ",401.348.0700
Watch Hill Office,94-96 Bay St,"Westerly
            RI
            02891
          ",401.348.1999
Westerly Office,241 Post Road,"Westerly
            RI
            02891
          ",401.322.0357
Doylestown Office,54 W State Street,"Doylestown
            PA
            18901
          ",215.348.4848
Haverford Office,"385 W Lancaster Avenue, Suite 103","Haverford
            PA
            19041
          ",610.615.5400
Havertown,2100 Darby Road,"Havertown
            PA
            19083
          ",610.446.2300
Main Line,4 East Montgomery Avenue,"Ardmore
            PA
            19003
          ",610.822.3356
Philadelphia Office,1430 Walnut Street - 3rd Floor,"Philadelphia
            PA
            19102
          ",267.435.8015
Philadelphia Chestnut Hill Office,8204 Germantown Avenue,"Philadelphia
            PA
            19118
          ",267.380.5813
Philadelphia Manayunk Office,4359 Main Street,"Philadelphia
            PA
            19127
          ",267.999.9205
Pittsburgh- East End,6425 Living Place- #105,"Pittsburgh
            PA
            15206
          ",412.307.7394
Pittsburgh- Moon Township,1134 Thorn Run Road,"Moon Township
            PA
            15108
          ",412.307.7927
Pittsburgh- Mt Lebanon,"2581 Washington Rd, Suite 230","Upper St. Clair
            PA
            15241
          ",412.407.5720
Pittsburgh- Wexford,"6000 Brooktree Rd, Suite 110","Wexford
            PA
            15090
          ",724.318.6681
Sewickley Office,"29 Broad Street, Suite 200","Sewickley
            PA
            15143
          ",412.746.7764
Upper Main Line,80 West Lancaster Suite 310,"Devon
            PA
            19333
          ",610.947.0408
West Chester,2 W Market Street,"West Chester
            PA
            19382
          ",610.436.8922
Fenwick Island,1107 Coastal Highway,"Fenwick Island
            DE
            19944
          ",302.581.0620
Greenville,"3701 Kennett Pike - Suites 200, 300, 400","Greenville
            DE
            19807
          ",302.202.9855
Lewes,18335 Coastal Highway,"Lewes
            DE
            19958
          ",302.273.4998
Alexandria Office,106 North Lee Street,"Alexandria
            VA
            22314
          ",O: 703.277.2152
Alexandria Office,1004 King St,"Alexandria
            VA
            22314
          ",O: 703.229.8935
Annapolis Office,"1 Park Place, Suite 12","Annapolis
            MD
            21401
          ",O: 410.429.7425
Arlington Office,"3001 Washington Blvd, Suite 400","Arlington
            VA
            22201
          ",O: 703.266.7277
Ashburn Office,"44679 Endicott Drive, Suite 200","Ashburn
            VA
            20147
          ",O: 703.570.5144 
Baltimore (Locust Point) Office,921 E. Fort Ave. Ste 104,"Baltimore
            MD
            21230
          ",443.873.3585
Bethesda Office ,7200 Wisconsin Avenue Suite 100 ,"Bethesda
            MD
            20814
          ",O: 301.304.8444
Capitol Hill Office,"660 Pennsylvania Ave SE, Suite 401","Washington
            DC
            20003
          ",O: 202.545.6900
Chevy Chase Office,"5471 Wisconsin Ave, Suite 300","Chevy Chase
            MD
            20815
          ",301.298.1001
Ellicott City Office,10050 Baltimore National Pike,"Ellicott City
            MD
            21042
          ",O: 410.220.5745
Georgetown Office,1232 31st Street NW,"Washington
            DC
            20007
          ",O: 202.448.9002
Logan Circle Office,1313 14th St NW,"Washington
            DC
            20005
          ",O: 202.386.6330
McLean Office,"6849 Old Dominion Drive, Suite 400","McLean
            VA
            22101
          ",O: 703.310.6111
Potomac Office,"12435 Park Potomac Avenue, Suite R-1","Potomac
            MD
            20854
          ",O: 240.219.2422
Reston Office,11943 Democracy Dr,"Reston
            VA
            20190
          ",703.783.7485
Springfield Office,5270 Shawnee Road,"Alexandria
            VA
            22312
          ",O: 703.291.1859
Baltimore,6227 N. Charles Street,"Baltimore
            MD
            21212
          ",O: 410.886.7342
Midlothian Office,14321 Winter Breeze Drive,"Midlothian
            VA
            23113
          ",804.567.9250
West End,7100 Forest Ave Suite 303,"Richmond
            VA
            23226
          ",804.567.9250
Ballantyne,"3540 Toringdon Way, Suite 200","Charlotte
            NC
            28277
          ",704.234.7880 
Cary,2500 Regency Pkwy,"Cary
            NC
            27518
          ",919.769.1956
Chapel Hill,"1011 S. Hamilton Road, Suite 300"," Chapel Hill
            NC
            27517
          ",919.999.8482
Charlotte,1515 Mockingbird Lane - Suite 4102,"Charlotte
            NC
            28209
          ",704.234.7880
Durham,"110 Corcoran Street, 5th Floor","Durham
            NC
            27701
          ",919.726.6548
Raleigh,3800 Glenwood Ave Suite 150,"Raleigh
            NC
            27612
          ",919.726.6548
Cool Springs Office,"2000 Meridian Blvd, Suite 270 ","Franklin
            TN
            37067
          ",615.475.5616
Green Hills Office,"3990 Hillsboro Pike, Suite 320","Nashville
            TN
            37215
          ",615.475.5616
Gulch Office ,"1033 Demonbreun Street, Suite 300","Nashville
            TN
            37203
          ",615.475.5616
Buckhead Office,"3107 Peachtree Road NE, Suite A-1","Atlanta
            GA
            30305
          ",404.668.6621
Intown Office,1409 Peachtree Street NE,"Atlanta
            GA
            30309
          ",404.668.6621
North Atlanta Office,"2475 Northwinds Parkway, Suite 300","Alpharetta
            GA
            30009
          ",404.668.6621
30A Office,495 Grand Boulevard - Suite 206,"Miramar Beach
            FL
            32550
          ",850.604.8834
Dr. Phillips Office,"7940 Via Dellagio Way, Suite 100","Orlando
            FL
            32819
          ",321.384.5524
Indian Harbour Beach Office,719 Pine tree Drive,"Indian Harbour Beach,
            FL
            32937
          ",321.214.8400
Melbourne Beach Office,"3270 Highway A1A, Suite 105","Melbourne Beach
            FL
            32951
          ",321.723.6386
St. Petersburg Office,200 Central Ave - 4th Floor,"St. Petersburg
            FL
            33701
          ",727.339.7902
Tampa Office,"3615 Bromley Grand Avenue, Suite 230","Tampa
            FL
            33607
          ",813.355.0744
Winter Park Office,851 W Morse Blvd,"Winter Park
            FL
            32789
          ",407.203.9441
Ponte Vedra Office,100 Executive Way #105,"Ponte Vedra
            FL
            32082
          ",904.525.1008
San Jose Office ,6022 San Jose Blvd #100 South,"Jacksonville
            FL
            32217
          ",904.656.7005
Regional Headquarters,"605 Lincoln Road, 7th Floor","Miami Beach
            FL
            33139
          ",305.851.2820
Aventura Office ,"2875 NE 191st Street, Suite 701 ","Aventura
            FL
            33180
          ",305.330.6088
Boca Raton Office,"101 N Federal Highway, 5th Floor","Boca Raton
            FL
            33432
          ",561.286.5166
Cape Coral Office,"1716 Cape Coral Parkway West, Suite 1","Cape Coral
            FL
            33914
          ",239.542.2822
Coconut Grove Office,"2550 South Bayshore Drive, Suite 106","Miami
            FL
            33133
          ",305.330.5481
Coral Gables Office,4699 Ponce de Leon Boulevard,"Coral Gables
            FL
            33146
          ",305.330.5684
Coral Springs Office,"11555 Heron Bay Boulevard, Suite #200","Coral Springs
            FL
            33076
          ",954.723.6320
Fort Lauderdale Office,"1200 East Las Olas Boulevard, Suite 103","Fort Lauderdale
            FL
            33301
          ",954.210.7040
Hollywood Office,"1930 Harrison Street, Suite 305  ","Hollywood
            FL
            33020
          ",954.926.7779
Jupiter Office - PGA Boulevard,"2000 PGA Boulevard, Suite 4440","Palm Beach Gardens
            FL
            33408
          ",561.440.8211
Jupiter Office - North US Highway 1,"201 N US Highway 1, Suite C3","Jupiter
            FL
            33477
          ",561.530.8300
Jupiter Office - Saturn Street,"810 Saturn Street, Suite 20","Jupiter
            FL
            33477
          ",561.990.3617
Jupiter Office - Tequesta Drive,361 Tequesta Drive,"Jupiter
            FL
            33469
          ",561.406.5228
Jupiter Office - West Indiantown Road,"654 W Indiantown Road, Suite 110","Jupiter
            FL
            33458
          ",561.741.4422
Naples Office,"800 Laurel Oak Drive, Suite 400 ","Naples
            FL
            34108
          ",239.261.4000
Palm Beach Office,"220 Sunrise Avenue, Suite 100","Palm Beach
            FL
            33480
          ",561.295.1619
Palm Beach Gardens Office,"7108 Fairway Drive, Suite 100 ","Palm Beach Gardens
            FL
            33418
          ",561.570.1505
Palm Beach Gardens Office - Prosperity Farms Road,"11000 Prosperity Farms Road, Unit 103","Palm Beach Gardens
            FL
            33410
          ",561.818.1168
Port Saint Lucie Office,"1850 SW Fountainview Blvd, Suite 103","Port Saint Lucie
            FL
            34986
          ",772.361.8981
Punta Gorda Office,320 Cross Street,"Punta Gorda
            FL
            33950
          ",941.205.8478
Sarasota Office,"1515 Ringling Boulevard, Suite 320 ","Sarasota 
            FL
            34236
          ",941.265.7692
South Miami Office,1515 Sunset Dr. Suite 40,"Miami
            FL
            33143
          ",786.292.0205
Vero Beach Office,"1701 Highway A1A, Suite 104    ","Vero Beach
            FL
            32963
          ",772.321.2113
Weston Office,"2200 N Commerce Pkwy, Suite 200","Weston
            FL
            33326
          ",954.893.2766
West Palm Beach Office,"480 Hibiscus Street, Suite 110","West Palm Beach
            FL
            33401
          ",561.228.8420
Carmel,"880 Monon Green Blvd, Suite 101","Carmel
            IN
            46032
          ",317.563.5051
Indianapolis, 5420 College Ave,"Indianapolis
            IN
            46240
          ",317.563.5051
Arlington Heights Office,11 S Evergreen Ave,"Arlington Heights
            IL
            60005
          ",847.906.1872
Barrington Office,760  W Main St,"Barrington
            IL
            60010
          ",847.306.6158
Bucktown Office,1643 North Milwaukee Avenue,"Chicago
            IL
            60647
          ",773.466.7150
Bucktown-Damen Office ,2200 N Damen Ave ,"Chicago 
            IL
            60647
          ",773.676.9267
Crystal Lake Office,108 N Walkup Ave,"Crystal Lake
            IL
            60014
          ",833.459.7653
Glen Ellyn Office,"479 N Main St, Suite 230","Glen Ellyn
            IL
            60137
          ",630.909.9551
Glencoe Office,320 Tudor Ct,"Glencoe
            IL
            60022
          ",847.835.2300
Glenview Office,1494 Waukegan Road,"Glenview
            IL
            60025
          ",847.616.9910
Highland Park Office,1866 Second St. #100A,"Highland Park
            IL
            60035
          ",847.379.5898
Hinsdale Office,1 Grant Square #201,"Hinsdale
            IL
            60521
          ",630.974.6750
Lake Forest Office,280 E Deerpath Road,"Lake Forest
            IL
            60045
          ",847.234.0485
Libertyville Office,"100 E Cook Ave, 2nd Floor","Libertyville
            IL
            60048
          ",847.318.3718
Lincoln Park Office ,"2350 North Lincoln Avenue, 3rd Floor  ","Chicago 
            IL
            60614
          ",312.319.1168
Long Grove Office,248 Robert Parker Coffin Road,"Long Grove 
            IL
            60047
          ",847.306.6145
Naperville Office,"55 S Main Street, Suite 351","Naperville
            IL
            60540
          ",331.210.0390
Northbrook Office,3137 Dundee,"Northbrook
            IL
            60062
          ",847.480.5500
Oak Park Office,803 Lake Street,"Oak Park
            IL
            60301
          ",708.666.8700
River Forest Office,7375 W. North Ave,"River Forest
            IL
            60305
          ",708.771.8040
River North Office,"20 West Kinzie Street, 15th Floor","Chicago
            IL
            60654
          ",773.482.1917
Roscoe Village Office,2044 West Roscoe Street,"Chicago
            IL
            60618
          ",312.733.7201
West Dundee Office,115 W Main St  #100,"West Dundee
            IL
            60118
          ",224.699.9499
Winnetka Office - Spruce Street,851 Spruce Street,"Winnetka
            IL
            60093
          ",847.446.9600
Woodstock Office,11705 Catalpa Lane,"Woodstock
            IL
            60098
          ",815.900.2474
Abbey Springs,771 S. Lakeshore Drive,"Fontana
            WI
            53125
          ",262.275.5736
Burlington,573 N. Pine Street,"Burlington
            WI
            53105
          ",262.763.5454
Delavan,236 State Road 50,"Delavan
            WI
            53115
          ",262.728.8757
Downtown Lake Geneva,703 W Main St,"Geneva
            WI
            53147
          ",262.249.5441
Elkhorn,204 Commerce Court - Suite 1,"Elkhorn
            WI
            53121
          ",262.743.1770
Geneva National,101 Geneva National Ave South,"Lake Geneva
            WI
            53147
          ",262.248.4492
Lake Geneva ,751 Geneva Pkwy North,"Lake Geneva
            WI
            53147
          ",262.248.4492
Milwaukee,"11220 W Burleigh St, Suite 126","Wauwatosa
            WI
            53222
          ",414.939.3219
North Shore,"5215 N Ironwood Rd, Suite 200","Glendale
            WI
            53217
          ",414.939.3219
Edina,5018 France Ave S,"Edina
            MN
            55410
          ",952.283.0897
Wayzata,315 Lake St East Suite 101,"Wayzata
            MN
            55391
          ",952.213.1631
St. Louis,1608 S Lindbergh Blvd,"St. Louis
            MO
            63131
          ",314.347.1658
Kansas City,420 Nichols Road - 2nd Floor,"Kansas City
            MO
            64112
          ",816.280.2773
Leawood,4303 W 119th Street,"Leawood
            KS
            66209
          ",913.382.6711
Aspen Office,"230 E Hopkins Ave, Suite 100","Aspen
            CO
            81611
          ",970.925.6063
Basalt Office,790 East Valley Road,"Basalt
            CO
            81621
          ",970.925.6063
Beaver Creek Office,"56 Edwards Village Blvd, Office 206","Edwards
            CO
            81632
          ",970.293.4675
Boulder Office,"1470 Walnut St, Suite 201","Boulder
            CO
            80304
          ",303.487.5472
Breckenridge Office,616 Highfield Trail | PO Box 3874,"Breckenridge
            CO
            80424
          ",
Broomfield Office,"8181 Arista Pl, Suite 100","Broomfield
            CO
            80021
          ",303.527.4193
Cherry Creek Office,200 Columbine Street,"Denver
            CO
            80206
          ",303.536.1786
Denver Tech Center Office,4643 S Ulster St Suite 500,"Denver
            CO
            80237
          ",720.712.4772
Highland Office,1900 W 32nd Ave 2nd Floor,"Denver
            CO
            80211
          ", 720.741.2333
Snowmass Office,Box 6699 17 Kearns Rd,"Snowmass Village
            CO
            81615
          ",
Steamboat Springs Office,941 Lincoln Ave #100G,"Steamboat Springs
            CO
            80487
          ",970.846.6444
Telluride Office,205 W Colorado Ave,"Telluride
            CO
            81435
          ",
Vail Valley Office,141 East Meadow Drive Suite 203,"Vail
            CO
            81657
          ",970.305.3609
Regional Headquarters,5960 Berkshire Lane Suite 700,"Dallas
            TX
            75225
          ",214.814.8100
Fort Worth Office,"5049 Edwards Ranch Road, Suite 220","Fort Worth
            TX
            76109
          ",817.522.3250
Frisco Office,"6801 Gaylord Pkwy, Suite 110","Frisco
            TX
            75034
          ",469.694.1877
Lakewood Office,"6220 Gaston Ave, Suite 200","Dallas
            TX
            75214
          ",214.647.0552
Plano Office,5025 W. Park Blvd. #300,"Plano
            TX
            75093
          ",469.210.8288
Southlake Office,"550 Reserve Street, Suite 650","Southlake
            TX
            76092
          ",682.226.6938
Flower Mound Office,1401 Shoal Creek Suite D150 & D160,"Highland Village
            TX
            75077
          ",469.485.7806
Austin Office,"2500 Bee Caves Road, Building 3, Suite 200","Austin
            TX
            78746
          ",512.575.3644
Lakeway Office,12117 Bee Caves Road,"Austin
            TX
            78738
          ",512.575.3644
Houston Office,"4200 Westheimer, suite 1000","Houston
            TX
            77027
          ",832.899.4788
Katy Office,"24275 Katy Fwy, Suite 400","Katy
            TX
            77494
          ",281.751.3130
Memorial Office,"12525 Memorial Drive, Suite 350","Houston
            TX
            77024
          ",281.524.9540
The Heights Office,"600 N Shepherd Dr, Suite 535","Houston
            TX
            77007
          ",281.729.9246
The Woodlands Office,1800 Hughes Landing Blvd Suite 725,"The Woodlands
            TX
            77380
          ",832.568.3559
Regional Headquarters (Del Mar | One Paseo),"12860 El Camino Real, Suite 100","San Diego
            CA
            92130
          ",858.345.4514
Cardiff Office,"1953 San Elijo Avenue, Suite 101","Cardiff
            CA
            92007
          ",760.501.8892
Carlsbad Office,"5796 Armada Drive, Suite 250","Carlsbad
            CA
            92008
          ",619.353.5828
Coronado Office,935 Orange Avenue,"Coronado
            CA
            92118
          ",619.317.1875
Downtown SD Office,"655 W Broadway, Suite 1650","San Diego
            CA
            92101
          ",619.317.1875
Encinitas Office,"682 South Coast Highway 101, Suite 110","Encinitas
            CA
            92024
          ",760.979.5609
La Jolla Office,"7863 Girard Avenue, Suite 208","La Jolla
            CA
            92037
          ",858.277.3325
Mission Valley Office,"8889 Rio San Diego Drive, Suite 200 ","San Diego
            CA
            92108
          ",619.353.5799
North County Inland Office,11610 Carmel Mountain Road,"San Diego
            CA
            92128
          ",
Rancho Bernardo Office,12411 Rancho Bernardo Road,"San Diego
            CA
            92128
          ",619.350.6304
Rancho Santa Fe Office,"16909 Via de Santa Fe, Suite 100, PO Box 941","Rancho Santa Fe
            CA
            92067
          ",858.375.7394
Atwater Village Office,3169 Glendale Blvd.,"Los Angeles
            CA
            90039
          ",323.667.0700
Baldwin Hills Office,"3717 S. La Brea Avenue, Suite 102","Los Angeles
            CA
            90016
          ",310.652.6285
Beverly Hills Wilshire Office,"9454 Wilshire Blvd, Ground Floor","Beverly Hills
            CA
            90212
          ",310.230.5478
Beverly Hills 150 Rodeo Office,"150 S. Rodeo Drive, Suite 100","Beverly Hills
            CA
            90212
          ",310.272.8002
Big Bear Office,"5575 Pine Knot Avenue, Unit A","Big Bear Lake
            CA
            92315
          ",909.878.0774
Brentwood Office,"11601 Wilshire Boulevard, Suite 101","Los Angeles
            CA
            90025
          ",310.820.0195
Calabasas Office,"5016 North Parkway Calabasas, Suite 100","Calabasas
            CA
            91302
          ",818.462.5799
Dana Point,"33522 Niguel Road, Suite 100","Dana Point
            CA
            92629
          ",949.267.7854
Hermosa Beach Office,"1221 Hermosa Avenue, Suite 210","Hermosa Beach
            CA
            90254
          ",310.362.0596
Highland Park Office,"5715 North Figueroa Street, Suite 200","Los Angeles
            CA
            90042
          ",323.285.3405
Hollywood Office,"6430 Sunset Boulevard, 6th Floor","Los Angeles
            CA
            90028
          ",323.593.6999
Huntington Beach Office,"303 3rd Street, Suite 200","Huntington Beach
            CA
            92648
          ",714.406.2880
La Canada Flintridge Office,964 Foothill Boulevard,"La Cañada Flintridge
            CA
            91011
          ",818.790.9900
Laguna Beach Office,"540 South Coast Highway, Suite 202","Laguna Beach
            CA
            92651
          ",949.339.3659
Lake Arrowhead Office,27445 Highway 189,"Lake Arrowhead
            CA
            92325
          ",909.878.0774
Long Beach Office,"6420 Pacific Coast Hwy, Suite E-155","Long Beach
            CA
            90803
          ",562.283.8107
Malibu Cross Creek Office,"23410 Civic Center Way, Suite C1","Malibu
            CA
            90265
          ",310.457.2229
Malibu PCH Office,"24903 Pacific Coast Highway, Suite 200","Malibu
            CA
            90265
          ",310.230.5744
Marina del Rey/Venice Office,"330 Washington Blvd., Suite D","Marina Del Rey
            CA
            90292
          ",310.301.1003
Newport Beach Office,"1600 Newport Center Drive, Suite 250","Newport Beach
            CA
            92660
          ",949.416.8825
Newport Beach Bayside,341 Bayside Drive,"Newport Beach
            CA
            92660
          ",949.438.4340
Newport Beach - Newport Center Office,"520 Newport Center Drive, Suite 330","Newport Beach
            CA
            92660
          ",949.529.2739
Pacific Palisades Office,"15207 Sunset Boulevard, Suite A","Pacific Palisades
            CA
            90272
          ",310.454.4159
Palm Desert Office,"74-199 El Paseo Drive, Suite 200","Palm Desert
            CA
            92260
          ",760.249.2120
Palm Springs Office,"830 N. Palm Canyon Drive, Suite 2","Palm Springs
            CA
            92262
          ",760.350.9253
Palos Verdes Office,"550 Silver Spur Rd, Suite 110   ","Rancho Palos Verdes
            CA
            90275
          ",424.208.1270
Pasadena Office,"680 E. Colorado Blvd, Suite 150","Pasadena
            CA
            91101
          ",626.205.4040
Playa Vista Office,7296 W. Manchester Avenue,"Los Angeles
            CA
            90045
          ",310.499.2020
Santa Clarita Office,23914 Summerhill Lane,"Santa Clarita
            CA
            91354
          ",661.258.3226
Santa Monica Main Street Office,2115 Main Street,"Santa Monica
            CA
            90405
          ",310.437.7500
Santa Monica - Montana North Office,1333 Montana Avenue,"Santa Monica
            CA
            90403
          ",310.382.8500
Santa Monica - Montana West Office,1010 Montana Avenue,"Santa Monica
            CA
            90403
          ",310.395.7090
Sherman Oaks Office,"14140 Ventura Boulevard, Suite 100","Sherman Oaks
            CA
            91423
          ",818.783.7721
Sunset Strip Office,"8560 Sunset Boulevard, 3rd Floor","Los Angeles
            CA
            90069
          ",310.652.6285
Toluca Lake Office,10154 Riverside Drive,"Toluca Lake
            CA
            91602
          ",818.821.8988
Torrance Office,"21250 Hawthorne Blvd, Suite 750","Torrance
            CA
            90503
          ",310.241.3038
Westlake Village Office,"2945 Townsgate Road, Suite 300","Westlake Village
            CA
            91361
          ",805.617.0645
Arroyo Grande Office,"134 West Branch Street, Suite B","Arroyo Grande
            CA
            93420
          ",805.489.2229
Morro Bay Office,"601 Morro Bay Blvd, Ste D","Morro Bay
            CA
            93422
          ",805.771.5200
Montecito Office,"1101 Coast Village Road, Suite B","Montecito
            CA
            93108
          ",805.253.7700
Lompoc Office,531 North H Street,"Lompoc
            CA
            93436
          ",805.735.3481
Paso Robles Office,1244 Pine Street #202,"Paso Robles
            CA
            93446
          ",805.226.4162
Santa Barbara Office,801 Chapala Street,"Santa Barbara
            CA
            93101
          ",805.284.0881
San Luis Obispo Office,1131 Monterey Street,"San Luis Obispo
            CA
            93401
          ",805.544.7000
Shell Beach Office,763 Shell Beach Road,"Shell Beach
            CA
            93449
          ",805.779.7800
"San Francisco, Regional Headquarters",891 Beach Street,"San Francisco
            CA
            94109
          ",415.660.9955
Alameda Office,1414 Park Avenue ,"Alameda
            CA
            94501
          ",510.254.3831
Belvedere Office,"1550 Tiburon Boulevard, Suite U","Belvedere
            CA
            94920
          ",415.789.8686
Berkeley Office,"1625 Shattuck Avenue, Suite 101","Berkeley
            CA
            94709
          ",510.982.4400
Berkeley Office,801 Delaware Street,"Berkeley
            CA
            94710
          ",510.470.9096
Burlingame Office,1290 Howard Avenue,"Burlingame
            CA
            94010
          ",650.212.5006
Burlingame Office,"988 Howard Ave, Suite 300","Burlingame
            CA
            94010
          ",650.446.9830
Burlingame Office,"1440 Chapin Avenue, Suite 200","Burlingame
            CA
            94010
          ",650.375.1111
Capitola Office,"331 Capitola Avenue, Suite B","Capitola
            CA
            95010
          ",831.689.9784
Carmel Office,"6th Avenue, 2SW of San Carlos Street, PO Box 6476","Carmel By The Sea
            CA
            93921
          ",831.318.0150
Carmel Valley Office,7158 Carmel Valley Road,"Carmel
            CA
            93923
          ",831.595.5045
Danville Office,360 Diablo Road,"Danville
            CA
            94526
          ",925.743.9330
Danville Office,15 Railroad Avenue,"Danville
            CA
            94526
          ",925.257.0305
Evergreen - The Villages Office,2931 The Village Parkway,"San Jose
            CA
            95135
          ",408.427.8963
Fremont Office,"39488 Stevenson Blvd, Suite 109","Fremont
            CA
            94538
          ",510.380.5971
Greenbrae Office,"300 Drakes Landing Road, Suite 120","Greenbrae
            CA
            94904
          ",
Half Moon Bay Office,42 N. Cabrillo Highway,"Half Moon Bay
            CA
            94019
          ",650.712.1199
Healdsburg Office,109 Mill Street,"Healdsburg
            CA
            95448
          ",707.395.3840
Kentfield Office,901 Sir Francis Drake Boulevard,"Kentfield
            CA
            94904
          ",415.448.1100
Lafayette Office,201 Lafayette Circle,"Lafayette
            CA
            94549
          ",925.444.4300
Lafayette Office,"3595 Mount Diablo Boulevard, Suite 200","Lafayette
            CA
            94549
          ",
Larkspur Office,490 Magnolia Avenue,"Larkspur
            CA
            94939
          ",415.945.6300
Livermore Office,2059 3rd St,"Livermore
            CA
            94550
          ",925.251.1111
Los Altos Office,"167 S. San Antonio Road, Suite 1","Los Altos
            CA
            94022
          ",650.941.1111
Los Gatos Office,16268 Los Gatos Boulevard,"Los Gatos
            CA
            95032
          ",408.883.0588
Los Gatos Office,"750 University Avenue, Suite 150","Los Gatos
            CA
            95032
          ",408.358.1111
Los Gatos Office,225 North Santa Cruz Avenue,"Los Gatos
            CA
            95030
          ",
Menlo Park Office,"1706 El Camino Real, Suite 220","Menlo Park
            CA
            94027
          ",650.314.7200
Menlo Park Office,1377 El Camino Real,"Menlo Park
            CA
            94025
          ",650.250.4483
Menlo Park Downtown Office,1075 Curtis Street,"Menlo Park
            CA
            94025
          ",650.304.3100
Mill Valley Office,32 Miller Avenue,"Mill Valley
            CA
            94941
          ",415.384.1111
"Mill Valley, East Blithedale Office",250 E Blithedale,"Mill Valley
            CA
            94941
          ",415.380.6100
Montclair Office,1900 Mountain Boulevard,"Oakland
            CA
            94611
          ",510.339.6460
Morgan Hill Office,"350 Woodview Ave, Suite 300","Morgan Hill
            CA
            95037
          ",408.721.6775
"Napa Valley, Napa Office","1300 First Street, Suite 462","Napa
            CA
            94559
          ",707.251.8805
"Napa Valley, St. Helena Office",1508 Main Street,"St. Helena
            CA
            94574
          ",707.967.1340
Novato Office,1305 Grant Avenue,"Novato
            CA
            94945
          ",415.345.7640
Oakland Office,6211 La Salle Avenue,"Oakland
            CA
            94611
          ",510.339.8900
Orinda Office,51 Moraga Way,"Orinda
            CA
            94563
          ",925.258.0090
Palo Alto Office,"361 Lytton Avenue, Suite 200","Palo Alto
            CA
            94301
          ",650.285.5450
Palo Alto Office,578 University Avenue,"Palo Alto
            CA
            94301
          ",650.323.1111
Petaluma Office,"11 5th Street, Suite 202","Petaluma
            CA
            94952
          ",707.219.6276
Petaluma Office,127 4th Street,"Petaluma
            CA
            94952
          ",707.774.8600
Pleasanton Office,900 Main Street,"Pleasanton
            CA
            94566
          ",925.251.1111
Ross 3 Office,"23 Ross Common, Suite 3","Ross
            CA
            94957
          ",415.461.8608
Ross 4A Office,"23 Ross Common, Suite 4A","Ross
            CA
            94957
          ",415.461.8686
San Francisco Commercial Office,"724 Battery Street, 2nd Floor","San Francisco
            CA
            94111
          ",415.834.3540
"San Francisco, Noe Valley Office",3961 24th Street Suite A&B,"San Francisco
            CA
            94114
          ",415.231.2312
"San Francisco, Noe Valley Office",3899 24th Street,"San Francisco
            CA
            94114
          ",415.231.2312
"San Francisco, Noe Valley Commercial Office",3850 24th Street,"San Francisco
            CA
            94114
          ",415.738.7000
"San Francisco, Van Ness Office",1400 Van Ness Ave,"San Francisco
            CA
            94109
          ",415.738.7000
"San Francisco, Residential, Commercial and Development Office",1699 Van Ness Avenue,"San Francisco
            CA
            94109
          ",415.345.3000
San Jose - Willow Glen Office,1133 Minnesota Avenue,"San Jose
            CA
            95125
          ",408.427.8963
Santa Rosa Office,"404 Mendocino Avenue, 2nd Floor","Santa Rosa
            CA
            95401
          ",707.547.3800
Saratoga Office,"12772 Saratoga Sunnyvale Road, Suite 1000","Saratoga
            CA
            95070
          ",408.741.1111
Sonoma Valley Office,"135 W. Napa Street, Suite 200","Sonoma
            CA
            95476
          ",707.939.9500
Tiburon Office,1610 Tiburon Boulevard,"Belvedere Tiburon
            CA
            94920
          ",415.789.9999
Walnut Creek Office,"1646 N. California Boulevard, Suite 101","Walnut Creek
            CA
            94596
          ",925.291.0899
Woodside Office,2930 Woodside Road,"Woodside
            CA
            94062
          ",650.529.1111
Tahoe City Office,"165 River Road, Suite 2","Tahoe City
            CA
            96145
          ",530.581.1882
Truckee Office,10010 Church Street,"Truckee
            CA
            96161
          ",530.587.3080
Incline Village Office,110 Country Club Dr,"Incline Village
            NV
            89451
          ",775.404.7650
South Lake Tahoe Office,2028 Lake Tahoe Blvd. ,"South Lake Tahoe
            CA
            96150
          ",530.645.2777
Midtown Office,1610 R Street #300,"Sacramento
            CA
            95811
          ",916.936.1293
Roseville Office,3017 Douglas Blvd #300,"Roseville
            CA
            95661
          ",916.345.2074
Anacortes Office,809 7th St,"Anacortes
            WA
            98221
          ",360.899.5027
Bellevue Office - 110th Ave,"700 110th Ave NE, Suite 270","Bellevue
            WA
            98004
          ",425.242.6440
Bellingham Office,1318 12th Street,"Bellingham
            WA
            98225
          ",360.233.5033
Capitol Hill Office,"501 E. Pike Street, Suite 200a","Seattle
            WA
            98122
          ",206.448.8888
Downtown Seattle Office,503 Westlake Avenue N,"Seattle
            WA
            98109
          ",206.672.6720
Fremont Office,"837 N 34th Street, Suite 100","Seattle
            WA
            98103
          ",206.330.0314
Seattle Office,1313 E Pine Street,"Seattle
            WA
            98122
          ",206.322.8940
Tacoma Office,"744 Market St, Suite 101 A/B","Tacoma
            WA
            98402
          ",253.987.1778
Totem Village Office,"11901 NE Village Plaza, Suite 271","Kirkland
            WA
            98034
          ",425.637.7777
University Village Office,"5000 30th Avenue NE, Suite 102","Seattle
            WA
            98105
          ",206.342.0200
Big Island Office,75-1029 Henry St Suite 301,"Kailua-Kona
            HI
            96740
          ",808.207.5971
Kauai Office,"5-5161 Kuhio Highway, Building E, Suite 310","Hanalei
            HI
            96714
          ",808.913.1548
Maui Office,"75 Kupuohi Street, Suite 203","Lahaina
            HI
            96761
          ",808.762.1796
Oahu Office,"4211 Waialae Avenue, Suite H-8","Honolulu
            HI
            96816
          ",808.825.4277
80 West Broadway,PO Box 4897  ,"Jackson
            WY
            83001
          ",307.733.6060
Pearl At Jackson,270 West Pearl,"Jackson
            WY
            83001
          ",307.733.6060
Teton Village,3200 McCollister Drive,"Teton Village
            WY
            83025
          ",307.733.6060
Snake River Sporting Club,14885 Sporting Club Rd,"Jackson
            WY
            83001
          ",307.733.6060
Thayne Office,235 South Main St ,"Thayne
            WY
            83127
          ",307.883.7575
Alpine Office,46 Iron Horse Drive,"Alpine
            WY
            83128
          ",307.654.7575
Sun Valley Office,"360 East Ave, Unit 2&3","Ketchum
            ID
            83340
          ", 208.269.3371
Teton Valley ,65 South Main St ,"Driggs
            ID
            83422
          ",208.354.7325
Tributary Office ,501 Huntsman Springs Drive,"Driggs
            ID
            83422
          ",208.354.9660
Bengaluru,"First Floor, Unit 101 and 102, Block C2, Brigade Tech Gardens","Bengaluru (Bangalore) Urban, Karnataka
            India
            560037
          ",+91 730 370 1088
Gurugram,"4th floor, Tower-A, Building No. 14, M/s. DLF Cyber City Developers Ltd","Gurugram, Haryana
            India
            122002
          ",+91 730 370 1088
